arm_id,arm_name,time,survival,survival_scale,pixel_x,pixel_y,source_image,extraction_method,confidence
1,Arm 1,0.0,1.0,0-1,101.0,63.0,km1.png,auto_color_segmentation,0.9963898916967509
1,Arm 1,0.325,1.0,0-1,104.0,63.0,km1.png,auto_color_segmentation,0.9963898916967509
1,Arm 1,0.325,0.469,0-1,104.0,251.5,km1.png,auto_color_segmentation,0.9963898916967509
1,Arm 1,0.433,0.469,0-1,105.0,251.5,km1.png,auto_color_segmentation,0.9963898916967509
1,Arm 1,0.433,0.0042,0-1,105.0,416.5,km1.png,auto_color_segmentation,0.9963898916967509
1,Arm 1,1.949,0.0028,0-1,119.0,417.0,km1.png,auto_color_segmentation,0.9963898916967509
1,Arm 1,3.466,0.0028,0-1,133.0,417.0,km1.png,auto_color_segmentation,0.9963898916967509
1,Arm 1,4.982,0.0028,0-1,147.0,417.0,km1.png,auto_color_segmentation,0.9963898916967509
1,Arm 1,6.498,0.0028,0-1,161.0,417.0,km1.png,auto_color_segmentation,0.9963898916967509
1,Arm 1,8.014,0.0028,0-1,175.0,417.0,km1.png,auto_color_segmentation,0.9963898916967509
1,Arm 1,9.531,0.0028,0-1,189.0,417.0,km1.png,auto_color_segmentation,0.9963898916967509
1,Arm 1,11.047,0.0028,0-1,203.0,383.0,km1.png,auto_color_segmentation,0.9963898916967509
1,Arm 1,12.563,0.0028,0-1,217.0,417.0,km1.png,auto_color_segmentation,0.9963898916967509
1,Arm 1,14.079,0.0028,0-1,231.0,417.0,km1.png,auto_color_segmentation,0.9963898916967509
1,Arm 1,15.596,0.0028,0-1,245.0,417.0,km1.png,auto_color_segmentation,0.9963898916967509
1,Arm 1,17.112,0.0028,0-1,259.0,417.0,km1.png,auto_color_segmentation,0.9963898916967509
1,Arm 1,18.628,0.0028,0-1,273.0,417.0,km1.png,auto_color_segmentation,0.9963898916967509
1,Arm 1,20.144,0.0028,0-1,287.0,417.0,km1.png,auto_color_segmentation,0.9963898916967509
1,Arm 1,21.661,0.0028,0-1,301.0,417.0,km1.png,auto_color_segmentation,0.9963898916967509
1,Arm 1,23.177,0.0028,0-1,315.0,417.0,km1.png,auto_color_segmentation,0.9963898916967509
1,Arm 1,24.693,0.0028,0-1,329.0,417.0,km1.png,auto_color_segmentation,0.9963898916967509
1,Arm 1,26.209,0.0028,0-1,343.0,417.0,km1.png,auto_color_segmentation,0.9963898916967509
1,Arm 1,27.726,0.0028,0-1,357.0,417.0,km1.png,auto_color_segmentation,0.9963898916967509
1,Arm 1,29.242,0.0028,0-1,371.0,417.0,km1.png,auto_color_segmentation,0.9963898916967509
1,Arm 1,30.758,0.0028,0-1,385.0,417.0,km1.png,auto_color_segmentation,0.9963898916967509
1,Arm 1,32.274,0.0028,0-1,399.0,417.0,km1.png,auto_color_segmentation,0.9963898916967509
1,Arm 1,33.791,0.0028,0-1,413.0,417.0,km1.png,auto_color_segmentation,0.9963898916967509
1,Arm 1,35.307,0.0028,0-1,427.0,417.0,km1.png,auto_color_segmentation,0.9963898916967509
1,Arm 1,36.823,0.0028,0-1,441.0,417.0,km1.png,auto_color_segmentation,0.9963898916967509
1,Arm 1,38.339,0.0028,0-1,455.0,417.0,km1.png,auto_color_segmentation,0.9963898916967509
1,Arm 1,39.856,0.0028,0-1,469.0,417.0,km1.png,auto_color_segmentation,0.9963898916967509
1,Arm 1,41.372,0.0028,0-1,483.0,417.0,km1.png,auto_color_segmentation,0.9963898916967509
1,Arm 1,42.888,0.0028,0-1,497.0,417.0,km1.png,auto_color_segmentation,0.9963898916967509
1,Arm 1,44.404,0.0028,0-1,511.0,417.0,km1.png,auto_color_segmentation,0.9963898916967509
1,Arm 1,45.921,0.0028,0-1,525.0,366.0,km1.png,auto_color_segmentation,0.9963898916967509
1,Arm 1,47.437,0.0028,0-1,539.0,368.0,km1.png,auto_color_segmentation,0.9963898916967509
1,Arm 1,48.953,0.0028,0-1,553.0,417.0,km1.png,auto_color_segmentation,0.9963898916967509
1,Arm 1,50.469,0.0028,0-1,567.0,417.0,km1.png,auto_color_segmentation,0.9963898916967509
1,Arm 1,51.986,0.0028,0-1,581.0,417.0,km1.png,auto_color_segmentation,0.9963898916967509
1,Arm 1,53.502,0.0028,0-1,595.0,325.0,km1.png,auto_color_segmentation,0.9963898916967509
1,Arm 1,55.018,0.0028,0-1,609.0,417.0,km1.png,auto_color_segmentation,0.9963898916967509
1,Arm 1,56.534,0.0028,0-1,623.0,256.0,km1.png,auto_color_segmentation,0.9963898916967509
1,Arm 1,58.051,0.0028,0-1,637.0,257.0,km1.png,auto_color_segmentation,0.9963898916967509
1,Arm 1,59.567,0.0028,0-1,651.0,417.0,km1.png,auto_color_segmentation,0.9963898916967509
1,Arm 1,60.0,0.0028,0-1,655.0,417.0,km1.png,auto_color_segmentation,0.9963898916967509
2,Arm 2,0.0,1.0,0-1,101.0,63.0,km1.png,auto_color_segmentation,0.9945848375451264
2,Arm 2,0.108,1.0,0-1,102.0,63.0,km1.png,auto_color_segmentation,0.9945848375451264
2,Arm 2,0.108,0.5014,0-1,102.0,240.0,km1.png,auto_color_segmentation,0.9945848375451264
2,Arm 2,0.217,0.5014,0-1,103.0,240.0,km1.png,auto_color_segmentation,0.9945848375451264
2,Arm 2,0.217,0.2577,0-1,103.0,326.5,km1.png,auto_color_segmentation,0.9945848375451264
2,Arm 2,1.733,0.2577,0-1,117.0,158.0,km1.png,auto_color_segmentation,0.9945848375451264
2,Arm 2,3.249,0.2577,0-1,131.0,102.0,km1.png,auto_color_segmentation,0.9945848375451264
2,Arm 2,4.765,0.2577,0-1,145.0,223.0,km1.png,auto_color_segmentation,0.9945848375451264
2,Arm 2,6.282,0.2577,0-1,159.0,149.0,km1.png,auto_color_segmentation,0.9945848375451264
2,Arm 2,7.798,0.2577,0-1,173.0,243.5,km1.png,auto_color_segmentation,0.9945848375451264
2,Arm 2,9.314,0.2577,0-1,187.0,284.0,km1.png,auto_color_segmentation,0.9945848375451264
2,Arm 2,9.747,0.2577,0-1,191.0,326.5,km1.png,auto_color_segmentation,0.9945848375451264
2,Arm 2,9.747,0.2451,0-1,191.0,331.0,km1.png,auto_color_segmentation,0.9945848375451264
2,Arm 2,10.289,0.2451,0-1,196.0,331.0,km1.png,auto_color_segmentation,0.9945848375451264
2,Arm 2,10.289,0.2394,0-1,196.0,333.0,km1.png,auto_color_segmentation,0.9945848375451264
2,Arm 2,10.83,0.2394,0-1,201.0,333.0,km1.png,auto_color_segmentation,0.9945848375451264
2,Arm 2,10.83,0.2197,0-1,201.0,340.0,km1.png,auto_color_segmentation,0.9945848375451264
2,Arm 2,10.939,0.2197,0-1,202.0,340.0,km1.png,auto_color_segmentation,0.9945848375451264
2,Arm 2,10.939,0.2113,0-1,202.0,343.0,km1.png,auto_color_segmentation,0.9945848375451264
2,Arm 2,12.022,0.2113,0-1,212.0,343.0,km1.png,auto_color_segmentation,0.9945848375451264
2,Arm 2,12.022,0.1887,0-1,212.0,351.0,km1.png,auto_color_segmentation,0.9945848375451264
2,Arm 2,12.455,0.1887,0-1,216.0,351.0,km1.png,auto_color_segmentation,0.9945848375451264
2,Arm 2,12.455,0.1521,0-1,216.0,364.0,km1.png,auto_color_segmentation,0.9945848375451264
2,Arm 2,12.78,0.1521,0-1,219.0,364.0,km1.png,auto_color_segmentation,0.9945848375451264
2,Arm 2,12.78,0.1437,0-1,219.0,367.0,km1.png,auto_color_segmentation,0.9945848375451264
2,Arm 2,14.079,0.1437,0-1,231.0,367.0,km1.png,auto_color_segmentation,0.9945848375451264
2,Arm 2,14.079,0.1338,0-1,231.0,370.5,km1.png,auto_color_segmentation,0.9945848375451264
2,Arm 2,14.513,0.1338,0-1,235.0,370.5,km1.png,auto_color_segmentation,0.9945848375451264
2,Arm 2,14.513,0.093,0-1,235.0,385.0,km1.png,auto_color_segmentation,0.9945848375451264
2,Arm 2,16.029,0.0915,0-1,249.0,251.0,km1.png,auto_color_segmentation,0.9945848375451264
2,Arm 2,17.545,0.0915,0-1,263.0,259.5,km1.png,auto_color_segmentation,0.9945848375451264
2,Arm 2,19.061,0.0915,0-1,277.0,334.0,km1.png,auto_color_segmentation,0.9945848375451264
2,Arm 2,20.578,0.0915,0-1,291.0,298.0,km1.png,auto_color_segmentation,0.9945848375451264
2,Arm 2,22.094,0.0915,0-1,305.0,302.0,km1.png,auto_color_segmentation,0.9945848375451264
2,Arm 2,23.61,0.0915,0-1,319.0,385.0,km1.png,auto_color_segmentation,0.9945848375451264
2,Arm 2,25.126,0.0915,0-1,333.0,385.0,km1.png,auto_color_segmentation,0.9945848375451264
2,Arm 2,26.643,0.0915,0-1,347.0,327.0,km1.png,auto_color_segmentation,0.9945848375451264
2,Arm 2,28.159,0.0915,0-1,361.0,338.5,km1.png,auto_color_segmentation,0.9945848375451264
2,Arm 2,28.7,0.0915,0-1,366.0,385.5,km1.png,auto_color_segmentation,0.9945848375451264
2,Arm 2,28.7,0.0746,0-1,366.0,391.5,km1.png,auto_color_segmentation,0.9945848375451264
2,Arm 2,29.458,0.0746,0-1,373.0,391.5,km1.png,auto_color_segmentation,0.9945848375451264
2,Arm 2,29.458,0.0423,0-1,373.0,403.0,km1.png,auto_color_segmentation,0.9945848375451264
2,Arm 2,30.975,0.0423,0-1,387.0,338.5,km1.png,auto_color_segmentation,0.9945848375451264
2,Arm 2,32.491,0.0423,0-1,401.0,338.5,km1.png,auto_color_segmentation,0.9945848375451264
2,Arm 2,34.007,0.0423,0-1,415.0,403.0,km1.png,auto_color_segmentation,0.9945848375451264
2,Arm 2,35.523,0.0423,0-1,429.0,338.5,km1.png,auto_color_segmentation,0.9945848375451264
2,Arm 2,36.498,0.0423,0-1,438.0,403.0,km1.png,auto_color_segmentation,0.9945848375451264
2,Arm 2,36.498,0.0028,0-1,438.0,417.0,km1.png,auto_color_segmentation,0.9945848375451264
2,Arm 2,38.014,0.0028,0-1,452.0,338.5,km1.png,auto_color_segmentation,0.9945848375451264
2,Arm 2,39.531,0.0028,0-1,466.0,338.5,km1.png,auto_color_segmentation,0.9945848375451264
2,Arm 2,41.047,0.0028,0-1,480.0,338.5,km1.png,auto_color_segmentation,0.9945848375451264
2,Arm 2,42.563,0.0028,0-1,494.0,338.5,km1.png,auto_color_segmentation,0.9945848375451264
2,Arm 2,44.079,0.0028,0-1,508.0,338.5,km1.png,auto_color_segmentation,0.9945848375451264
2,Arm 2,45.596,0.0028,0-1,522.0,365.5,km1.png,auto_color_segmentation,0.9945848375451264
2,Arm 2,47.112,0.0028,0-1,536.0,365.5,km1.png,auto_color_segmentation,0.9945848375451264
2,Arm 2,48.628,0.0028,0-1,550.0,379.0,km1.png,auto_color_segmentation,0.9945848375451264
2,Arm 2,50.144,0.0028,0-1,564.0,392.5,km1.png,auto_color_segmentation,0.9945848375451264
2,Arm 2,51.661,0.0028,0-1,578.0,392.5,km1.png,auto_color_segmentation,0.9945848375451264
2,Arm 2,53.177,0.0028,0-1,592.0,393.0,km1.png,auto_color_segmentation,0.9945848375451264
2,Arm 2,54.693,0.0028,0-1,606.0,201.0,km1.png,auto_color_segmentation,0.9945848375451264
2,Arm 2,56.209,0.0028,0-1,620.0,257.5,km1.png,auto_color_segmentation,0.9945848375451264
2,Arm 2,57.726,0.0028,0-1,634.0,250.5,km1.png,auto_color_segmentation,0.9945848375451264
2,Arm 2,59.242,0.0028,0-1,648.0,207.5,km1.png,auto_color_segmentation,0.9945848375451264
2,Arm 2,60.0,0.0028,0-1,655.0,417.0,km1.png,auto_color_segmentation,0.9945848375451264
